,pos,HLA,peptide,Core,Offset,I_pos,I_len,D_pos,D_len,iCore,Identity,1-log50k(aff),Affinity(nM),%Rank
0,0,HLA-A0101,CDTINCERY,CDTINCERY,0,0,0,0,0,CDTINCERY,PEPLIST,0.108,15539.23,5.50
1,0,HLA-A0201,CDTINCERY,CDTINCERY,0,0,0,0,0,CDTINCERY,PEPLIST,0.044,31004.92,49.00
2,0,HLA-A0202,CDTINCERY,CDTINCERY,0,0,0,0,0,CDTINCERY,PEPLIST,0.016,41934.30,85.00
3,0,HLA-A0203,CDTINCERY,CDTINCERY,0,0,0,0,0,CDTINCERY,PEPLIST,0.028,37125.57,75.00
4,0,HLA-A0205,CDTINCERY,CDTINCERY,0,0,0,0,0,CDTINCERY,PEPLIST,0.003,48282.27,95.00
5,0,HLA-A0206,CDTINCERY,CDTINCERY,0,0,0,0,0,CDTINCERY,PEPLIST,0.014,42975.13,90.00
6,0,HLA-A0207,CDTINCERY,CDTINCERY,0,0,0,0,0,CDTINCERY,PEPLIST,0.007,46223.72,85.00
7,0,HLA-A0211,CDTINCERY,CDTINCERY,0,0,0,0,0,CDTINCERY,PEPLIST,0.011,44267.78,60.00
8,0,HLA-A0212,CDTINCERY,CDTINCERY,0,0,0,0,0,CDTINCERY,PEPLIST,0.016,42136.70,55.00
9,0,HLA-A0216,CDTINCERY,CDTINCERY,0,0,0,0,0,CDTINCERY,PEPLIST,0.009,45429.42,70.00
10,0,HLA-A0217,CDTINCERY,CDTINCERY,0,0,0,0,0,CDTINCERY,PEPLIST,0.011,44333.46,60.00
11,0,HLA-A0219,CDTINCERY,CDTINCERY,0,0,0,0,0,CDTINCERY,PEPLIST,0.021,39880.14,40.00
12,0,HLA-A0250,CDTINCERY,CDTINCERY,0,0,0,0,0,CDTINCERY,PEPLIST,0.009,45194.09,55.00
13,0,HLA-A0301,CDTINCERY,CDTINCERY,0,0,0,0,0,CDTINCERY,PEPLIST,0.036,33742.09,55.00
14,0,HLA-A0302,CDTINCERY,CDTINCERY,0,0,0,0,0,CDTINCERY,PEPLIST,0.037,33641.83,17.00
15,0,HLA-A0319,CDTINCERY,CDTINCERY,0,0,0,0,0,CDTINCERY,PEPLIST,0.012,43683.51,60.00
16,0,HLA-A1101,CDTINCERY,CDTINCERY,0,0,0,0,0,CDTINCERY,PEPLIST,0.036,33791.76,43.00
17,0,HLA-A2301,CDTINCERY,CDTINCERY,0,0,0,0,0,CDTINCERY,PEPLIST,0.019,40619.60,60.00
18,0,HLA-A2402,CDTINCERY,CDTINCERY,0,0,0,0,0,CDTINCERY,PEPLIST,0.013,43322.49,65.00
19,0,HLA-A2403,CDTINCERY,CDTINCERY,0,0,0,0,0,CDTINCERY,PEPLIST,0.056,27350.77,22.00
20,0,HLA-A2501,CDTINCERY,CDTINCERY,0,0,0,0,0,CDTINCERY,PEPLIST,0.037,33330.25,25.00
21,0,HLA-A2601,CDTINCERY,CDTINCERY,0,0,0,0,0,CDTINCERY,PEPLIST,0.062,25554.89,19.00
22,0,HLA-A2602,CDTINCERY,CDTINCERY,0,0,0,0,0,CDTINCERY,PEPLIST,0.047,30067.66,20.00
23,0,HLA-A2603,CDTINCERY,CDTINCERY,0,0,0,0,0,CDTINCERY,PEPLIST,0.021,39947.95,49.00
24,0,HLA-A2902,CDTINCERY,CDTINCERY,0,0,0,0,0,CDTINCERY,PEPLIST,0.167,8252.25,6.50
25,0,HLA-A3001,CDTINCERY,CDTINCERY,0,0,0,0,0,CDTINCERY,PEPLIST,0.031,35589.64,80.00
26,0,HLA-A3002,CDTINCERY,CDTINCERY,0,0,0,0,0,CDTINCERY,PEPLIST,0.239,3758.41,4.00
27,0,HLA-A3101,CDTINCERY,CDTINCERY,0,0,0,0,0,CDTINCERY,PEPLIST,0.037,33492.20,65.00
28,0,HLA-A3201,CDTINCERY,CDTINCERY,0,0,0,0,0,CDTINCERY,PEPLIST,0.006,46786.78,85.00
29,0,HLA-A3207,CDTINCERY,CDTINCERY,0,0,0,0,0,CDTINCERY,PEPLIST,0.025,38061.45,29.00
30,0,HLA-A3215,CDTINCERY,CDTINCERY,0,0,0,0,0,CDTINCERY,PEPLIST,0.034,34618.52,24.00
31,0,HLA-A3301,CDTINCERY,CDTINCERY,0,0,0,0,0,CDTINCERY,PEPLIST,0.018,41289.58,60.00
32,0,HLA-A6601,CDTINCERY,CDTINCERY,0,0,0,0,0,CDTINCERY,PEPLIST,0.099,17181.62,11.00
33,0,HLA-A6801,CDTINCERY,CDTINCERY,0,0,0,0,0,CDTINCERY,PEPLIST,0.099,17132.25,15.00
34,0,HLA-A6802,CDTINCERY,CDTINCERY,0,0,0,0,0,CDTINCERY,PEPLIST,0.014,42761.32,80.00
35,0,HLA-A6823,CDTINCERY,CDTINCERY,0,0,0,0,0,CDTINCERY,PEPLIST,0.079,21335.59,13.00
36,0,HLA-A6901,CDTINCERY,CDTINCERY,0,0,0,0,0,CDTINCERY,PEPLIST,0.033,35083.45,47.00
37,0,HLA-A8001,CDTINCERY,CDTINCERY,0,0,0,0,0,CDTINCERY,PEPLIST,0.148,10089.40,1.80
38,0,HLA-B0702,CDTINCERY,CDTINCERY,0,0,0,0,0,CDTINCERY,PEPLIST,0.023,39111.82,75.00
39,0,HLA-B0801,CDTINCERY,CDTINCERY,0,0,0,0,0,CDTINCERY,PEPLIST,0.030,36016.15,75.00
40,0,HLA-B0802,CDTINCERY,CDTINCERY,0,0,0,0,0,CDTINCERY,PEPLIST,0.048,29865.34,14.00
41,0,HLA-B0803,CDTINCERY,CDTINCERY,0,0,0,0,0,CDTINCERY,PEPLIST,0.027,37516.44,37.00
42,0,HLA-B1401,CDTINCERY,CDTINCERY,0,0,0,0,0,CDTINCERY,PEPLIST,0.012,43749.25,42.00
43,0,HLA-B1402,CDTINCERY,CDTINCERY,0,0,0,0,0,CDTINCERY,PEPLIST,0.059,26365.17,19.00
44,0,HLA-B1501,CDTINCERY,CDTINCERY,0,0,0,0,0,CDTINCERY,PEPLIST,0.074,22532.34,31.00
45,0,HLA-B1502,CDTINCERY,CDTINCERY,0,0,0,0,0,CDTINCERY,PEPLIST,0.070,23486.19,12.00
46,0,HLA-B1503,CDTINCERY,CDTINCERY,0,0,0,0,0,CDTINCERY,PEPLIST,0.128,12517.32,15.00
47,0,HLA-B1509,CDTINCERY,CDTINCERY,0,0,0,0,0,CDTINCERY,PEPLIST,0.026,37776.73,38.00
48,0,HLA-B1517,CDTINCERY,CDTINCERY,0,0,0,0,0,CDTINCERY,PEPLIST,0.061,25958.98,16.00
49,0,HLA-B1801,CDTINCERY,CDTINCERY,0,0,0,0,0,CDTINCERY,PEPLIST,0.059,26399.14,23.00
50,0,HLA-B2705,CDTINCERY,CDTINCERY,0,0,0,0,0,CDTINCERY,PEPLIST,0.056,27348.41,32.00
51,0,HLA-B2720,CDTINCERY,CDTINCERY,0,0,0,0,0,CDTINCERY,PEPLIST,0.008,46035.55,46.00
52,0,HLA-B3501,CDTINCERY,CDTINCERY,0,0,0,0,0,CDTINCERY,PEPLIST,0.120,13660.00,11.00
53,0,HLA-B3503,CDTINCERY,CDTINCERY,0,0,0,0,0,CDTINCERY,PEPLIST,0.009,45274.84,35.00
54,0,HLA-B3701,CDTINCERY,CDTINCERY,0,0,0,0,0,CDTINCERY,PEPLIST,0.037,33483.50,13.00
55,0,HLA-B3801,CDTINCERY,CDTINCERY,0,0,0,0,0,CDTINCERY,PEPLIST,0.023,38978.75,39.00
56,0,HLA-B3901,CDTINCERY,CDTINCERY,0,0,0,0,0,CDTINCERY,PEPLIST,0.020,40106.47,75.00
57,0,HLA-B4001,CDTINCERY,CDTINCERY,0,0,0,0,0,CDTINCERY,PEPLIST,0.057,26911.03,26.00
58,0,HLA-B4002,CDTINCERY,CDTINCERY,0,0,0,0,0,CDTINCERY,PEPLIST,0.017,41474.95,55.00
59,0,HLA-B4013,CDTINCERY,CDTINCERY,0,0,0,0,0,CDTINCERY,PEPLIST,0.014,43089.22,49.00
60,0,HLA-B4201,CDTINCERY,CDTINCERY,0,0,0,0,0,CDTINCERY,PEPLIST,0.026,37741.59,46.00
61,0,HLA-B4402,CDTINCERY,CDTINCERY,0,0,0,0,0,CDTINCERY,PEPLIST,0.097,17570.21,9.00
62,0,HLA-B4403,CDTINCERY,CDTINCERY,0,0,0,0,0,CDTINCERY,PEPLIST,0.089,19101.69,9.00
63,0,HLA-B4501,CDTINCERY,CDTINCERY,0,0,0,0,0,CDTINCERY,PEPLIST,0.020,40294.38,36.00
64,0,HLA-B4506,CDTINCERY,CDTINCERY,0,0,0,0,0,CDTINCERY,PEPLIST,0.058,26678.53,17.00
65,0,HLA-B4601,CDTINCERY,CDTINCERY,0,0,0,0,0,CDTINCERY,PEPLIST,0.038,33257.83,45.00
66,0,HLA-B4801,CDTINCERY,CDTINCERY,0,0,0,0,0,CDTINCERY,PEPLIST,0.022,39569.39,45.00
67,0,HLA-B5101,CDTINCERY,CDTINCERY,0,0,0,0,0,CDTINCERY,PEPLIST,0.043,31303.56,31.00
68,0,HLA-B5301,CDTINCERY,CDTINCERY,0,0,0,0,0,CDTINCERY,PEPLIST,0.073,22643.05,13.00
69,0,HLA-B5401,CDTINCERY,CDTINCERY,0,0,0,0,0,CDTINCERY,PEPLIST,0.011,44448.72,50.00
70,0,HLA-B5701,CDTINCERY,CDTINCERY,0,0,0,0,0,CDTINCERY,PEPLIST,0.038,33215.75,65.00
71,0,HLA-B5703,CDTINCERY,CDTINCERY,0,0,0,0,0,CDTINCERY,PEPLIST,0.030,36043.82,21.00
72,0,HLA-B5801,CDTINCERY,CDTINCERY,0,0,0,0,0,CDTINCERY,PEPLIST,0.044,30990.15,60.00
73,0,HLA-B5802,CDTINCERY,CDTINCERY,0,0,0,0,0,CDTINCERY,PEPLIST,0.035,34077.42,23.00
74,0,HLA-B7301,CDTINCERY,CDTINCERY,0,0,0,0,0,CDTINCERY,PEPLIST,0.018,41072.15,28.00
75,0,HLA-B8101,CDTINCERY,CDTINCERY,0,0,0,0,0,CDTINCERY,PEPLIST,0.017,41796.14,38.00
76,0,HLA-B8301,CDTINCERY,CDTINCERY,0,0,0,0,0,CDTINCERY,PEPLIST,0.059,26480.66,17.00
